Date,PlayerID,Points,CLPoints
2026-08-03,118,49250,23000
2026-08-03,90,44000,33000
2026-08-03,666,37250,11000
2026-08-03,2166,36850,4000
2026-08-03,1981,35300,6000
2026-08-03,158,30750,4000
2026-08-03,1257,30250,4000
2026-08-03,546,29750,6000
2026-08-03,1383,29200,6000
2026-08-03,208,28500,11000
2026-08-03,2470,27800,2000
2026-08-03,608,27750,9000
2026-08-03,1108,25750,2000
2026-08-03,1417,25300,2000
2026-08-03,2611,25200,6000
2026-08-03,22,24850,0
2026-08-03,47,24800,2000
2026-08-03,93,24750,6000
2026-08-03,2320,24600,9000
2026-08-03,1160,23600,1000
2026-08-03,32,22100,0
2026-08-03,125,21800,1000
2026-08-03,1407,21750,6000
2026-08-03,81,21000,8000
2026-08-03,2,20250,4000
2026-08-03,2438,19600,2000
2026-08-03,2498,19250,8000
2026-08-03,30,19250,1000
2026-08-03,1889,19200,4000
2026-08-03,89,18850,4000
2026-08-03,605,18600,1000
2026-08-03,45,18200,2000
2026-08-03,2640,18200,2000
2026-08-03,101,18200,6000
2026-08-03,8,18100,0
2026-08-03,58,17700,0
2026-08-03,62,17300,1000
2026-08-03,2758,16100,5000
2026-08-03,106,15200,2000
2026-08-03,906,15000,5000
2026-08-03,85,14500,4000
2026-08-03,1923,14200,0
2026-08-03,905,14200,1000
2026-08-03,1045,14100,1000
2026-08-03,67,13700,5000
2026-08-03,3534,13700,1000
2026-08-03,898,13200,0
2026-08-03,4,12600,5000
2026-08-03,2634,12200,0
2026-08-03,2379,11800,2000
2026-08-03,1465,11800,1000
2026-08-03,4148,11700,2000
2026-08-03,109,11700,0
2026-08-03,1835,11600,1000
2026-08-03,216,11100,2000
2026-08-03,2607,11100,1000
2026-08-03,894,10700,6000
2026-08-03,3461,10700,1000
2026-08-03,724,10600,0
2026-08-03,49,10500,1000
2026-08-03,592,10300,2000
2026-08-03,217,10250,2000
2026-08-03,96,10100,2000
2026-08-03,2066,10000,2000
2026-08-03,10,10000,2000
2026-08-03,9,10000,2000
2026-08-03,1261,10000,2000
2026-08-03,87,10000,5000
2026-08-03,1038,9500,2000
2026-08-03,2103,9000,0
2026-08-03,68,9000,1000
2026-08-03,1149,8700,0
2026-08-03,998,8500,1000
2026-08-03,1323,8300,0
2026-08-03,2797,8000,0
2026-08-03,146,8000,1000
2026-08-03,448,8000,0
2026-08-03,1893,7600,5000
2026-08-03,959,7500,0
2026-08-03,2628,7200,0
2026-08-03,680,7200,2000
2026-08-03,2754,7100,2000
2026-08-03,2887,7100,0
2026-08-03,21,7000,0
2026-08-03,120,7000,2000
2026-08-03,25,6600,1000
2026-08-03,3071,6500,2000
2026-08-03,593,6500,0
2026-08-03,48,6500,4000
2026-08-03,2439,6000,2000
2026-08-03,2778,6000,1000
2026-08-03,550,5500,0
2026-08-03,552,5500,1000
2026-08-03,19,5500,1000
2026-08-03,131,5100,0
2026-08-03,4199,5000,2000
2026-08-03,1231,5000,1000
2026-08-03,3832,5000,1000
2026-08-03,1044,5000,5000
2026-08-03,2499,5000,5000
2026-08-03,175,4100,0
2026-08-03,20,4100,0
2026-08-03,2055,4000,1000
2026-08-03,2767,3500,1000
2026-08-03,3151,3500,2000
2026-08-03,2010,3500,1000
2026-08-03,2616,3000,0
2026-08-03,2888,2500,0
2026-08-03,92,2500,0
2026-08-03,2049,2500,0
2026-08-03,37,2500,0
2026-08-03,741,2500,0
2026-08-03,936,2500,0
2026-08-03,4613,2500,0
2026-08-03,128,2000,1000
2026-08-03,239,2000,2000
2026-08-03,1982,2000,2000
2026-08-03,946,2000,2000
2026-08-03,2061,2000,2000
2026-08-03,79,2000,2000
2026-08-03,2081,2000,2000
2026-08-03,2746,1000,0
2026-08-03,3528,1000,1000
2026-08-03,3192,1000,1000
2026-08-03,26,1000,1000
2026-08-03,733,1000,1000
2026-08-03,1812,1000,1000
2026-08-03,2340,1000,1000
2026-08-03,2317,0,0
2026-08-03,39,0,0
2026-08-03,1485,0,0
2026-08-03,2533,0,0
2026-08-03,2046,0,0
2026-08-03,16,0,0
2026-08-03,24,0,0
2026-08-03,12,0,0
2026-08-03,224,0,0
2026-08-03,202,0,0
2026-08-03,17,0,0
2026-08-03,1,0,0
2026-08-03,154,0,0
2026-08-03,5,0,0
2026-08-03,97,0,0
2026-08-03,2469,0,0
2026-08-03,237,0,0
2026-08-03,3982,0,0
2026-08-03,2807,0,0
2026-08-03,2803,0,0
2026-08-03,4715,0,0
2026-08-03,2895,0,0
2026-08-03,4332,0,0
2026-08-03,2274,0,0
2026-08-03,2777,0,0
2026-08-03,2157,0,0
2026-08-03,613,0,0
2026-08-03,143,0,0
2026-08-03,18,0,0
2026-08-10,118,54250,23000
2026-08-10,90,44000,33000
2026-08-10,666,42250,11000
2026-08-10,2166,36850,4000
2026-08-10,1981,35300,6000
2026-08-10,208,33500,11000
2026-08-10,158,30750,4000
2026-08-10,1257,30250,4000
2026-08-10,2611,30200,6000
2026-08-10,546,29750,6000
2026-08-10,1383,29200,6000
2026-08-10,2470,27800,2000
2026-08-10,608,27750,9000
2026-08-10,1108,25750,2000
2026-08-10,125,25300,1000
2026-08-10,1417,25300,2000
2026-08-10,22,24850,0
2026-08-10,47,24800,2000
2026-08-10,93,24750,6000
2026-08-10,2320,24600,9000
2026-08-10,1160,23600,1000
2026-08-10,32,22100,0
2026-08-10,1407,21750,6000
2026-08-10,81,21000,8000
2026-08-10,2,20250,4000
2026-08-10,906,20000,5000
2026-08-10,2438,19600,2000
2026-08-10,2498,19250,8000
2026-08-10,30,19250,1000
2026-08-10,1889,19200,4000
2026-08-10,89,18850,4000
2026-08-10,605,18600,1000
2026-08-10,45,18200,2000
2026-08-10,2640,18200,2000
2026-08-10,101,18200,6000
2026-08-10,8,18100,0
2026-08-10,58,17700,0
2026-08-10,62,17300,1000
2026-08-10,1982,17000,2000
2026-08-10,2758,16100,5000
2026-08-10,106,15200,2000
2026-08-10,24,15000,0
2026-08-10,5,15000,0
2026-08-10,97,15000,0
2026-08-10,2469,15000,0
2026-08-10,85,14500,4000
2026-08-10,1923,14200,0
2026-08-10,905,14200,1000
2026-08-10,1045,14100,1000
2026-08-10,67,13700,5000
2026-08-10,3534,13700,1000
2026-08-10,898,13200,0
2026-08-10,4,12600,5000
2026-08-10,2634,12200,0
2026-08-10,2379,11800,2000
2026-08-10,1465,11800,1000
2026-08-10,4148,11700,2000
2026-08-10,109,11700,0
2026-08-10,1835,11600,1000
2026-08-10,216,11100,2000
2026-08-10,2607,11100,1000
2026-08-10,894,10700,6000
2026-08-10,3461,10700,1000
2026-08-10,724,10600,0
2026-08-10,49,10500,1000
2026-08-10,592,10300,2000
2026-08-10,217,10250,2000
2026-08-10,96,10100,2000
2026-08-10,2066,10000,2000
2026-08-10,10,10000,2000
2026-08-10,9,10000,2000
2026-08-10,1261,10000,2000
2026-08-10,87,10000,5000
2026-08-10,1038,9500,2000
2026-08-10,2103,9000,0
2026-08-10,68,9000,1000
2026-08-10,1149,8700,0
2026-08-10,998,8500,1000
2026-08-10,1323,8300,0
2026-08-10,2797,8000,0
2026-08-10,146,8000,1000
2026-08-10,448,8000,0
2026-08-10,1893,7600,5000
2026-08-10,959,7500,0
2026-08-10,2628,7200,0
2026-08-10,680,7200,2000
2026-08-10,2754,7100,2000
2026-08-10,2887,7100,0
2026-08-10,21,7000,0
2026-08-10,120,7000,2000
2026-08-10,25,6600,1000
2026-08-10,3071,6500,2000
2026-08-10,593,6500,0
2026-08-10,48,6500,4000
2026-08-10,2439,6000,2000
2026-08-10,2778,6000,1000
2026-08-10,550,5500,0
2026-08-10,552,5500,1000
2026-08-10,19,5500,1000
2026-08-10,131,5100,0
2026-08-10,4199,5000,2000
2026-08-10,1231,5000,1000
2026-08-10,3832,5000,1000
2026-08-10,1044,5000,5000
2026-08-10,2499,5000,5000
2026-08-10,175,4100,0
2026-08-10,20,4100,0
2026-08-10,2055,4000,1000
2026-08-10,2767,3500,1000
2026-08-10,3151,3500,2000
2026-08-10,2010,3500,1000
2026-08-10,2616,3000,0
2026-08-10,2888,2500,0
2026-08-10,92,2500,0
2026-08-10,2049,2500,0
2026-08-10,37,2500,0
2026-08-10,741,2500,0
2026-08-10,936,2500,0
2026-08-10,4613,2500,0
2026-08-10,128,2000,1000
2026-08-10,239,2000,2000
2026-08-10,946,2000,2000
2026-08-10,2061,2000,2000
2026-08-10,79,2000,2000
2026-08-10,2081,2000,2000
2026-08-10,2746,1000,0
2026-08-10,3528,1000,1000
2026-08-10,3192,1000,1000
2026-08-10,26,1000,1000
2026-08-10,733,1000,1000
2026-08-10,1812,1000,1000
2026-08-10,2340,1000,1000
2026-08-10,2317,0,0
2026-08-10,39,0,0
2026-08-10,1485,0,0
2026-08-10,2533,0,0
2026-08-10,2046,0,0
2026-08-10,16,0,0
2026-08-10,12,0,0
2026-08-10,224,0,0
2026-08-10,202,0,0
2026-08-10,17,0,0
2026-08-10,1,0,0
2026-08-10,154,0,0
2026-08-10,237,0,0
2026-08-10,3982,0,0
2026-08-10,2807,0,0
2026-08-10,2803,0,0
2026-08-10,4715,0,0
2026-08-10,2895,0,0
2026-08-10,4332,0,0
2026-08-10,2274,0,0
2026-08-10,2777,0,0
2026-08-10,2157,0,0
2026-08-10,613,0,0
2026-08-10,143,0,0
2026-08-10,18,0,0
2026-08-10,4223,0,0
2026-08-17,17,250000,0
2026-08-17,208,118500,11000
2026-08-17,118,64250,23000
2026-08-17,30,59250,1000
2026-08-17,906,55000,5000
2026-08-17,90,44000,33000
2026-08-17,666,42250,11000
2026-08-17,2166,36850,4000
2026-08-17,81,36000,8000
2026-08-17,1981,35300,6000
2026-08-17,158,30750,4000
2026-08-17,1257,30250,4000
2026-08-17,2611,30200,6000
2026-08-17,546,29750,6000
2026-08-17,1383,29200,6000
2026-08-17,2470,27800,2000
2026-08-17,608,27750,9000
2026-08-17,1108,25750,2000
2026-08-17,125,25300,1000
2026-08-17,1417,25300,2000
2026-08-17,154,25000,0
2026-08-17,97,25000,0
2026-08-17,22,24850,0
2026-08-17,47,24800,2000
2026-08-17,93,24750,6000
2026-08-17,2320,24600,9000
2026-08-17,1160,23600,1000
2026-08-17,39,23000,0
2026-08-17,32,22100,0
2026-08-17,1407,21750,6000
2026-08-17,2,20250,4000
2026-08-17,1044,20000,5000
2026-08-17,2438,19600,2000
2026-08-17,2498,19250,8000
2026-08-17,1889,19200,4000
2026-08-17,89,18850,4000
2026-08-17,605,18600,1000
2026-08-17,45,18200,2000
2026-08-17,2640,18200,2000
2026-08-17,101,18200,6000
2026-08-17,8,18100,0
2026-08-17,58,17700,0
2026-08-17,62,17300,1000
2026-08-17,1982,17000,2000
2026-08-17,2758,16100,5000
2026-08-17,106,15200,2000
2026-08-17,24,15000,0
2026-08-17,5,15000,0
2026-08-17,2469,15000,0
2026-08-17,85,14500,4000
2026-08-17,1923,14200,0
2026-08-17,905,14200,1000
2026-08-17,1045,14100,1000
2026-08-17,67,13700,5000
2026-08-17,3534,13700,1000
2026-08-17,898,13200,0
2026-08-17,4,12600,5000
2026-08-17,2634,12200,0
2026-08-17,2379,11800,2000
2026-08-17,1465,11800,1000
2026-08-17,4148,11700,2000
2026-08-17,109,11700,0
2026-08-17,1835,11600,1000
2026-08-17,216,11100,2000
2026-08-17,2607,11100,1000
2026-08-17,894,10700,6000
2026-08-17,3461,10700,1000
2026-08-17,724,10600,0
2026-08-17,49,10500,1000
2026-08-17,592,10300,2000
2026-08-17,217,10250,2000
2026-08-17,96,10100,2000
2026-08-17,2066,10000,2000
2026-08-17,10,10000,2000
2026-08-17,9,10000,2000
2026-08-17,1261,10000,2000
2026-08-17,87,10000,5000
2026-08-17,1038,9500,2000
2026-08-17,2103,9000,0
2026-08-17,68,9000,1000
2026-08-17,1149,8700,0
2026-08-17,998,8500,1000
2026-08-17,1323,8300,0
2026-08-17,2797,8000,0
2026-08-17,146,8000,1000
2026-08-17,448,8000,0
2026-08-17,1893,7600,5000
2026-08-17,959,7500,0
2026-08-17,2628,7200,0
2026-08-17,680,7200,2000
2026-08-17,2754,7100,2000
2026-08-17,2887,7100,0
2026-08-17,21,7000,0
2026-08-17,120,7000,2000
2026-08-17,25,6600,1000
2026-08-17,3071,6500,2000
2026-08-17,593,6500,0
2026-08-17,48,6500,4000
2026-08-17,2439,6000,2000
2026-08-17,2778,6000,1000
2026-08-17,550,5500,0
2026-08-17,552,5500,1000
2026-08-17,19,5500,1000
2026-08-17,131,5100,0
2026-08-17,4199,5000,2000
2026-08-17,1231,5000,1000
2026-08-17,3832,5000,1000
2026-08-17,2499,5000,5000
2026-08-17,175,4100,0
2026-08-17,20,4100,0
2026-08-17,2055,4000,1000
2026-08-17,2767,3500,1000
2026-08-17,3151,3500,2000
2026-08-17,2010,3500,1000
2026-08-17,2616,3000,0
2026-08-17,2888,2500,0
2026-08-17,92,2500,0
2026-08-17,2049,2500,0
2026-08-17,37,2500,0
2026-08-17,741,2500,0
2026-08-17,936,2500,0
2026-08-17,4613,2500,0
2026-08-17,128,2000,1000
2026-08-17,239,2000,2000
2026-08-17,946,2000,2000
2026-08-17,2061,2000,2000
2026-08-17,79,2000,2000
2026-08-17,2081,2000,2000
2026-08-17,2746,1000,0
2026-08-17,3528,1000,1000
2026-08-17,3192,1000,1000
2026-08-17,26,1000,1000
2026-08-17,733,1000,1000
2026-08-17,1812,1000,1000
2026-08-17,2340,1000,1000
2026-08-17,2317,0,0
2026-08-17,1485,0,0
2026-08-17,2533,0,0
2026-08-17,2046,0,0
2026-08-17,16,0,0
2026-08-17,12,0,0
2026-08-17,224,0,0
2026-08-17,202,0,0
2026-08-17,1,0,0
2026-08-17,237,0,0
2026-08-17,3982,0,0
2026-08-17,2807,0,0
2026-08-17,2803,0,0
2026-08-17,4715,0,0
2026-08-17,2895,0,0
2026-08-17,4332,0,0
2026-08-17,2274,0,0
2026-08-17,2777,0,0
2026-08-17,2157,0,0
2026-08-17,613,0,0
2026-08-17,143,0,0
2026-08-17,18,0,0
2026-08-17,4223,0,0
2026-08-24,17,250000,0
2026-08-24,208,118500,11000
2026-08-24,118,64250,23000
2026-08-24,30,59250,1000
2026-08-24,906,55000,5000
2026-08-24,90,44000,33000
2026-08-24,666,42250,11000
2026-08-24,2166,36850,4000
2026-08-24,81,36000,8000
2026-08-24,1981,35300,6000
2026-08-24,2611,33700,6000
2026-08-24,1044,32000,5000
2026-08-24,158,30750,4000
2026-08-24,1257,30250,4000
2026-08-24,546,29750,6000
2026-08-24,1383,29200,6000
2026-08-24,2470,27800,2000
2026-08-24,608,27750,9000
2026-08-24,1108,25750,2000
2026-08-24,125,25300,1000
2026-08-24,1417,25300,2000
2026-08-24,154,25000,0
2026-08-24,97,25000,0
2026-08-24,22,24850,0
2026-08-24,47,24800,2000
2026-08-24,93,24750,6000
2026-08-24,2320,24600,9000
2026-08-24,1160,23600,1000
2026-08-24,2438,23100,2000
2026-08-24,39,23000,0
2026-08-24,24,23000,0
2026-08-24,32,22100,0
2026-08-24,1407,21750,6000
2026-08-24,2640,21200,2000
2026-08-24,2,20250,4000
2026-08-24,2498,19250,8000
2026-08-24,1889,19200,4000
2026-08-24,89,18850,4000
2026-08-24,605,18600,1000
2026-08-24,45,18200,2000
2026-08-24,101,18200,6000
2026-08-24,8,18100,0
2026-08-24,58,17700,0
2026-08-24,62,17300,1000
2026-08-24,1923,17200,0
2026-08-24,1982,17000,2000
2026-08-24,2758,16100,5000
2026-08-24,106,15200,2000
2026-08-24,5,15000,0
2026-08-24,2469,15000,0
2026-08-24,85,14500,4000
2026-08-24,905,14200,1000
2026-08-24,1045,14100,1000
2026-08-24,2607,14100,1000
2026-08-24,67,13700,5000
2026-08-24,3534,13700,1000
2026-08-24,898,13200,0
2026-08-24,4,12600,5000
2026-08-24,2634,12200,0
2026-08-24,2379,11800,2000
2026-08-24,1465,11800,1000
2026-08-24,4148,11700,2000
2026-08-24,109,11700,0
2026-08-24,1835,11600,1000
2026-08-24,216,11100,2000
2026-08-24,894,10700,6000
2026-08-24,3461,10700,1000
2026-08-24,724,10600,0
2026-08-24,49,10500,1000
2026-08-24,592,10300,2000
2026-08-24,217,10250,2000
2026-08-24,96,10100,2000
2026-08-24,2066,10000,2000
2026-08-24,10,10000,2000
2026-08-24,9,10000,2000
2026-08-24,1261,10000,2000
2026-08-24,87,10000,5000
2026-08-24,1038,9500,2000
2026-08-24,2103,9000,0
2026-08-24,68,9000,1000
2026-08-24,1149,8700,0
2026-08-24,998,8500,1000
2026-08-24,1323,8300,0
2026-08-24,2797,8000,0
2026-08-24,12,8000,0
2026-08-24,1,8000,0
2026-08-24,146,8000,1000
2026-08-24,448,8000,0
2026-08-24,1893,7600,5000
2026-08-24,959,7500,0
2026-08-24,2628,7200,0
2026-08-24,680,7200,2000
2026-08-24,2754,7100,2000
2026-08-24,2887,7100,0
2026-08-24,21,7000,0
2026-08-24,120,7000,2000
2026-08-24,25,6600,1000
2026-08-24,3071,6500,2000
2026-08-24,593,6500,0
2026-08-24,48,6500,4000
2026-08-24,2439,6000,2000
2026-08-24,2778,6000,1000
2026-08-24,550,5500,0
2026-08-24,552,5500,1000
2026-08-24,19,5500,1000
2026-08-24,131,5100,0
2026-08-24,4199,5000,2000
2026-08-24,1231,5000,1000
2026-08-24,3832,5000,1000
2026-08-24,2499,5000,5000
2026-08-24,4718,4500,0
2026-08-24,175,4100,0
2026-08-24,20,4100,0
2026-08-24,2055,4000,1000
2026-08-24,2767,3500,1000
2026-08-24,3151,3500,2000
2026-08-24,2010,3500,1000
2026-08-24,2616,3000,0
2026-08-24,2888,2500,0
2026-08-24,92,2500,0
2026-08-24,2049,2500,0
2026-08-24,37,2500,0
2026-08-24,741,2500,0
2026-08-24,936,2500,0
2026-08-24,4613,2500,0
2026-08-24,128,2000,1000
2026-08-24,239,2000,2000
2026-08-24,946,2000,2000
2026-08-24,2061,2000,2000
2026-08-24,79,2000,2000
2026-08-24,2081,2000,2000
2026-08-24,2746,1000,0
2026-08-24,3528,1000,1000
2026-08-24,3192,1000,1000
2026-08-24,26,1000,1000
2026-08-24,733,1000,1000
2026-08-24,1812,1000,1000
2026-08-24,2340,1000,1000
2026-08-24,2317,0,0
2026-08-24,1485,0,0
2026-08-24,2533,0,0
2026-08-24,2046,0,0
2026-08-24,16,0,0
2026-08-24,224,0,0
2026-08-24,202,0,0
2026-08-24,237,0,0
2026-08-24,3982,0,0
2026-08-24,2807,0,0
2026-08-24,4857,0,0
2026-08-24,3462,0,0
2026-08-24,967,0,0
2026-08-24,2803,0,0
2026-08-24,4715,0,0
2026-08-24,2895,0,0
2026-08-24,4332,0,0
2026-08-24,2274,0,0
2026-08-24,2777,0,0
2026-08-24,2157,0,0
2026-08-24,613,0,0
2026-08-24,143,0,0
2026-08-24,18,0,0
2026-08-24,4223,0,0
2026-08-31,17,272000,0
2026-08-31,1981,202300,6000
2026-08-31,208,118500,11000
2026-08-31,946,77000,2000
2026-08-31,118,64250,23000
2026-08-31,30,59250,1000
2026-08-31,906,55000,5000
2026-08-31,24,48000,0
2026-08-31,5,48000,0
2026-08-31,154,47000,0
2026-08-31,90,44000,33000
2026-08-31,666,42250,11000
2026-08-31,2166,36850,4000
2026-08-31,81,36000,8000
2026-08-31,158,34750,4000
2026-08-31,1257,34250,4000
2026-08-31,2611,33700,6000
2026-08-31,97,33000,0
2026-08-31,1044,32000,5000
2026-08-31,546,29750,6000
2026-08-31,1383,29200,6000
2026-08-31,1982,29000,2000
2026-08-31,2470,27800,2000
2026-08-31,608,27750,9000
2026-08-31,2438,27100,2000
2026-08-31,32,26100,0
2026-08-31,1108,25750,2000
2026-08-31,125,25300,1000
2026-08-31,1417,25300,2000
2026-08-31,22,24850,0
2026-08-31,47,24800,2000
2026-08-31,93,24750,6000
2026-08-31,2320,24600,9000
2026-08-31,2,24250,4000
2026-08-31,1160,23600,1000
2026-08-31,39,23000,0
2026-08-31,12,22000,0
2026-08-31,1,22000,0
2026-08-31,1407,21750,6000
2026-08-31,2640,21200,2000
2026-08-31,2498,19250,8000
2026-08-31,1889,19200,4000
2026-08-31,89,18850,4000
2026-08-31,605,18600,1000
2026-08-31,45,18200,2000
2026-08-31,101,18200,6000
2026-08-31,8,18100,0
2026-08-31,58,17700,0
2026-08-31,62,17300,1000
2026-08-31,1923,17200,0
2026-08-31,3534,17200,1000
2026-08-31,2758,16100,5000
2026-08-31,106,15200,2000
2026-08-31,2469,15000,0
2026-08-31,85,14500,4000
2026-08-31,905,14200,1000
2026-08-31,1045,14100,1000
2026-08-31,2607,14100,1000
2026-08-31,67,13700,5000
2026-08-31,109,13500,0
2026-08-31,898,13200,0
2026-08-31,4,12600,5000
2026-08-31,2634,12200,0
2026-08-31,16,12000,0
2026-08-31,2379,11800,2000
2026-08-31,1465,11800,1000
2026-08-31,4148,11700,2000
2026-08-31,1835,11600,1000
2026-08-31,216,11100,2000
2026-08-31,894,10700,6000
2026-08-31,3461,10700,1000
2026-08-31,724,10600,0
2026-08-31,49,10500,1000
2026-08-31,592,10300,2000
2026-08-31,217,10250,2000
2026-08-31,96,10100,2000
2026-08-31,2066,10000,2000
2026-08-31,10,10000,2000
2026-08-31,9,10000,2000
2026-08-31,1261,10000,2000
2026-08-31,87,10000,5000
2026-08-31,1038,9500,2000
2026-08-31,2103,9000,0
2026-08-31,68,9000,1000
2026-08-31,1149,8700,0
2026-08-31,998,8500,1000
2026-08-31,1323,8300,0
2026-08-31,2797,8000,0
2026-08-31,146,8000,1000
2026-08-31,448,8000,0
2026-08-31,1893,7600,5000
2026-08-31,959,7500,0
2026-08-31,2628,7200,0
2026-08-31,680,7200,2000
2026-08-31,2754,7100,2000
2026-08-31,2887,7100,0
2026-08-31,21,7000,0
2026-08-31,120,7000,2000
2026-08-31,25,6600,1000
2026-08-31,3071,6500,2000
2026-08-31,593,6500,0
2026-08-31,48,6500,4000
2026-08-31,2439,6000,2000
2026-08-31,2778,6000,1000
2026-08-31,550,5500,0
2026-08-31,552,5500,1000
2026-08-31,19,5500,1000
2026-08-31,131,5100,0
2026-08-31,4199,5000,2000
2026-08-31,1231,5000,1000
2026-08-31,3832,5000,1000
2026-08-31,2499,5000,5000
2026-08-31,4718,4500,0
2026-08-31,175,4100,0
2026-08-31,20,4100,0
2026-08-31,2055,4000,1000
2026-08-31,2767,3500,1000
2026-08-31,3151,3500,2000
2026-08-31,2010,3500,1000
2026-08-31,2616,3000,0
2026-08-31,2888,2500,0
2026-08-31,92,2500,0
2026-08-31,2049,2500,0
2026-08-31,37,2500,0
2026-08-31,741,2500,0
2026-08-31,936,2500,0
2026-08-31,4613,2500,0
2026-08-31,128,2000,1000
2026-08-31,239,2000,2000
2026-08-31,2061,2000,2000
2026-08-31,79,2000,2000
2026-08-31,2081,2000,2000
2026-08-31,2746,1000,0
2026-08-31,3528,1000,1000
2026-08-31,3192,1000,1000
2026-08-31,26,1000,1000
2026-08-31,733,1000,1000
2026-08-31,1812,1000,1000
2026-08-31,2340,1000,1000
2026-08-31,2317,0,0
2026-08-31,1485,0,0
2026-08-31,2533,0,0
2026-08-31,2046,0,0
2026-08-31,224,0,0
2026-08-31,202,0,0
2026-08-31,237,0,0
2026-08-31,3982,0,0
2026-08-31,2807,0,0
2026-08-31,4857,0,0
2026-08-31,3462,0,0
2026-08-31,967,0,0
2026-08-31,2803,0,0
2026-08-31,4715,0,0
2026-08-31,2895,0,0
2026-08-31,4332,0,0
2026-08-31,2274,0,0
2026-08-31,2777,0,0
2026-08-31,2157,0,0
2026-08-31,613,0,0
2026-08-31,143,0,0
2026-08-31,18,0,0
2026-08-31,4223,0,0
2026-09-07,17,317000,0
2026-09-07,1981,205300,6000
2026-09-07,90,141000,33000
2026-09-07,208,118500,11000
2026-09-07,946,89000,2000
2026-09-07,118,73250,23000
2026-09-07,30,59250,1000
2026-09-07,906,55000,5000
2026-09-07,24,51000,0
2026-09-07,5,48000,0
2026-09-07,154,47000,0
2026-09-07,666,42250,11000
2026-09-07,12,42000,0
2026-09-07,1257,40250,4000
2026-09-07,2166,39850,4000
2026-09-07,81,39000,8000
2026-09-07,2470,36800,2000
2026-09-07,97,36000,0
2026-09-07,45,35200,2000
2026-09-07,1044,35000,5000
2026-09-07,158,34750,4000
2026-09-07,2611,33700,6000
2026-09-07,1383,32200,6000
2026-09-07,1417,31300,2000
2026-09-07,608,30750,9000
2026-09-07,2438,30100,2000
2026-09-07,546,29750,6000
2026-09-07,39,29000,0
2026-09-07,1982,29000,2000
2026-09-07,125,28300,1000
2026-09-07,32,26100,0
2026-09-07,1108,25750,2000
2026-09-07,1889,25200,4000
2026-09-07,2758,25100,5000
2026-09-07,22,24850,0
2026-09-07,47,24800,2000
2026-09-07,93,24750,6000
2026-09-07,2320,24600,9000
2026-09-07,2,24250,4000
2026-09-07,1160,23600,1000
2026-09-07,85,23500,4000
2026-09-07,3534,23200,1000
2026-09-07,1,22000,0
2026-09-07,1407,21750,6000
2026-09-07,2640,21200,2000
2026-09-07,905,20200,1000
2026-09-07,2498,19250,8000
2026-09-07,89,18850,4000
2026-09-07,605,18600,1000
2026-09-07,101,18200,6000
2026-09-07,8,18100,0
2026-09-07,2469,18000,0
2026-09-07,58,17700,0
2026-09-07,62,17300,1000
2026-09-07,1923,17200,0
2026-09-07,67,16700,5000
2026-09-07,3461,16700,1000
2026-09-07,898,16200,0
2026-09-07,1261,16000,2000
2026-09-07,48,15500,4000
2026-09-07,106,15200,2000
2026-09-07,16,15000,0
2026-09-07,216,14100,2000
2026-09-07,1045,14100,1000
2026-09-07,2607,14100,1000
2026-09-07,724,13600,0
2026-09-07,109,13500,0
2026-09-07,2066,13000,2000
2026-09-07,4,12600,5000
2026-09-07,2634,12200,0
2026-09-07,2379,11800,2000
2026-09-07,1465,11800,1000
2026-09-07,4148,11700,2000
2026-09-07,1835,11600,1000
2026-09-07,448,11000,0
2026-09-07,894,10700,6000
2026-09-07,49,10500,1000
2026-09-07,592,10300,2000
2026-09-07,217,10250,2000
2026-09-07,96,10100,2000
2026-09-07,10,10000,2000
2026-09-07,9,10000,2000
2026-09-07,87,10000,5000
2026-09-07,1038,9500,2000
2026-09-07,2103,9000,0
2026-09-07,68,9000,1000
2026-09-07,237,9000,0
2026-09-07,1149,8700,0
2026-09-07,998,8500,1000
2026-09-07,1323,8300,0
2026-09-07,2797,8000,0
2026-09-07,146,8000,1000
2026-09-07,1893,7600,5000
2026-09-07,959,7500,0
2026-09-07,2628,7200,0
2026-09-07,680,7200,2000
2026-09-07,2754,7100,2000
2026-09-07,2887,7100,0
2026-09-07,21,7000,0
2026-09-07,120,7000,2000
2026-09-07,25,6600,1000
2026-09-07,3071,6500,2000
2026-09-07,593,6500,0
2026-09-07,2439,6000,2000
2026-09-07,224,6000,0
2026-09-07,2778,6000,1000
2026-09-07,550,5500,0
2026-09-07,552,5500,1000
2026-09-07,19,5500,1000
2026-09-07,131,5100,0
2026-09-07,4199,5000,2000
2026-09-07,1231,5000,1000
2026-09-07,3832,5000,1000
2026-09-07,2499,5000,5000
2026-09-07,4718,4500,0
2026-09-07,175,4100,0
2026-09-07,20,4100,0
2026-09-07,2055,4000,1000
2026-09-07,2767,3500,1000
2026-09-07,3151,3500,2000
2026-09-07,2010,3500,1000
2026-09-07,2616,3000,0
2026-09-07,2888,2500,0
2026-09-07,92,2500,0
2026-09-07,2049,2500,0
2026-09-07,37,2500,0
2026-09-07,741,2500,0
2026-09-07,936,2500,0
2026-09-07,4613,2500,0
2026-09-07,128,2000,1000
2026-09-07,239,2000,2000
2026-09-07,2061,2000,2000
2026-09-07,79,2000,2000
2026-09-07,2081,2000,2000
2026-09-07,3528,1750,1000
2026-09-07,2746,1000,0
2026-09-07,3192,1000,1000
2026-09-07,26,1000,1000
2026-09-07,1812,1000,1000
2026-09-07,733,1000,1000
2026-09-07,2340,1000,1000
2026-09-07,2317,0,0
2026-09-07,1485,0,0
2026-09-07,2533,0,0
2026-09-07,2046,0,0
2026-09-07,202,0,0
2026-09-07,3982,0,0
2026-09-07,2807,0,0
2026-09-07,4857,0,0
2026-09-07,3462,0,0
2026-09-07,967,0,0
2026-09-07,2803,0,0
2026-09-07,4715,0,0
2026-09-07,2895,0,0
2026-09-07,4332,0,0
2026-09-07,2274,0,0
2026-09-07,2777,0,0
2026-09-07,2157,0,0
2026-09-07,613,0,0
2026-09-07,143,0,0
2026-09-07,18,0,0
2026-09-07,4223,0,0
2026-09-14,17,326000,0
2026-09-14,1981,207100,6000
2026-09-14,90,141000,33000
2026-09-14,158,134750,4000
2026-09-14,208,118500,11000
2026-09-14,946,89000,2000
2026-09-14,118,73250,23000
2026-09-14,906,68200,5000
2026-09-14,1,67000,0
2026-09-14,30,59250,1000
2026-09-14,97,57000,0
2026-09-14,12,55200,0
2026-09-14,24,51000,0
2026-09-14,1257,49250,4000
2026-09-14,5,48000,0
2026-09-14,154,47000,0
2026-09-14,81,44400,8000
2026-09-14,666,42250,11000
2026-09-14,39,42200,0
2026-09-14,1044,40400,5000
2026-09-14,2166,39850,4000
2026-09-14,2438,38900,2000
2026-09-14,2470,36800,2000
2026-09-14,45,35200,2000
2026-09-14,1108,34750,2000
2026-09-14,2611,33700,6000
2026-09-14,1417,33100,2000
2026-09-14,1383,32200,6000
2026-09-14,608,30750,9000
2026-09-14,22,30250,0
2026-09-14,546,29750,6000
2026-09-14,1982,29000,2000
2026-09-14,125,28300,1000
2026-09-14,32,27900,0
2026-09-14,1407,27150,6000
2026-09-14,2469,27000,0
2026-09-14,224,27000,0
2026-09-14,47,26600,2000
2026-09-14,1889,26200,4000
2026-09-14,2758,25100,5000
2026-09-14,93,24750,6000
2026-09-14,2320,24600,9000
2026-09-14,2,24250,4000
2026-09-14,16,24000,0
2026-09-14,1160,23600,1000
2026-09-14,85,23500,4000
2026-09-14,3534,23200,1000
2026-09-14,2640,21200,2000
2026-09-14,905,20200,1000
2026-09-14,3461,19500,1000
2026-09-14,2498,19250,8000
2026-09-14,898,19000,0
2026-09-14,89,18850,4000
2026-09-14,605,18600,1000
2026-09-14,1038,18500,2000
2026-09-14,101,18200,6000
2026-09-14,8,18100,0
2026-09-14,58,17700,0
2026-09-14,2634,17600,0
2026-09-14,62,17300,1000
2026-09-14,1923,17200,0
2026-09-14,106,17000,2000
2026-09-14,67,16700,5000
2026-09-14,1261,16000,2000
2026-09-14,48,15500,4000
2026-09-14,724,15400,0
2026-09-14,1045,15100,1000
2026-09-14,109,14500,0
2026-09-14,216,14100,2000
2026-09-14,2607,14100,1000
2026-09-14,4,13600,5000
2026-09-14,2379,13600,2000
2026-09-14,2066,13000,2000
2026-09-14,1465,12800,1000
2026-09-14,592,12100,2000
2026-09-14,96,11900,2000
2026-09-14,4148,11700,2000
2026-09-14,1835,11600,1000
2026-09-14,87,11000,5000
2026-09-14,448,11000,0
2026-09-14,894,10700,6000
2026-09-14,49,10500,1000
2026-09-14,217,10250,2000
2026-09-14,1323,10100,0
2026-09-14,2103,10000,0
2026-09-14,10,10000,2000
2026-09-14,9,10000,2000
2026-09-14,1149,9700,0
2026-09-14,68,9000,1000
2026-09-14,237,9000,0
2026-09-14,998,8500,1000
2026-09-14,680,8200,2000
2026-09-14,21,8000,0
2026-09-14,2797,8000,0
2026-09-14,146,8000,1000
2026-09-14,1893,7600,5000
2026-09-14,959,7500,0
2026-09-14,2628,7200,0
2026-09-14,2754,7100,2000
2026-09-14,2887,7100,0
2026-09-14,120,7000,2000
2026-09-14,25,6600,1000
2026-09-14,3071,6500,2000
2026-09-14,593,6500,0
2026-09-14,4199,6000,2000
2026-09-14,1231,6000,1000
2026-09-14,2439,6000,2000
2026-09-14,2778,6000,1000
2026-09-14,550,5500,0
2026-09-14,552,5500,1000
2026-09-14,19,5500,1000
2026-09-14,20,5100,0
2026-09-14,131,5100,0
2026-09-14,3832,5000,1000
2026-09-14,2499,5000,5000
2026-09-14,4718,4500,0
2026-09-14,175,4100,0
2026-09-14,2055,4000,1000
2026-09-14,2767,3500,1000
2026-09-14,3151,3500,2000
2026-09-14,2010,3500,1000
2026-09-14,2616,3000,0
2026-09-14,2888,2500,0
2026-09-14,92,2500,0
2026-09-14,2049,2500,0
2026-09-14,37,2500,0
2026-09-14,741,2500,0
2026-09-14,936,2500,0
2026-09-14,4613,2500,0
2026-09-14,128,2000,1000
2026-09-14,239,2000,2000
2026-09-14,2061,2000,2000
2026-09-14,79,2000,2000
2026-09-14,2081,2000,2000
2026-09-14,3528,1750,1000
2026-09-14,2746,1000,0
2026-09-14,3192,1000,1000
2026-09-14,26,1000,1000
2026-09-14,1812,1000,1000
2026-09-14,733,1000,1000
2026-09-14,2340,1000,1000
2026-09-14,2317,0,0
2026-09-14,1485,0,0
2026-09-14,2533,0,0
2026-09-14,2046,0,0
2026-09-14,202,0,0
2026-09-14,5089,0,0
2026-09-14,2963,0,0
2026-09-14,4223,0,0
2026-09-14,3982,0,0
2026-09-14,2807,0,0
2026-09-14,4857,0,0
2026-09-14,3462,0,0
2026-09-14,967,0,0
2026-09-14,2803,0,0
2026-09-14,4715,0,0
2026-09-14,2895,0,0
2026-09-14,4332,0,0
2026-09-14,2274,0,0
2026-09-14,2777,0,0
2026-09-14,2157,0,0
2026-09-14,613,0,0
2026-09-14,143,0,0
2026-09-14,18,0,0
2026-09-21,17,331000,0
2026-09-21,1981,212100,0
2026-09-21,90,146000,0
2026-09-21,158,134750,0
2026-09-21,208,118500,0
2026-09-21,946,89000,0
2026-09-21,118,73250,0
2026-09-21,906,73200,0
2026-09-21,1,72000,0
2026-09-21,30,64250,0
2026-09-21,97,62000,0
2026-09-21,12,55200,0
2026-09-21,154,52000,0
2026-09-21,24,51000,0
2026-09-21,81,49400,0
2026-09-21,1257,49250,0
2026-09-21,5,48000,0
2026-09-21,666,47250,0
2026-09-21,39,47200,0
2026-09-21,2438,46500,0
2026-09-21,2470,45400,0
2026-09-21,1044,45400,0
2026-09-21,45,43800,0
2026-09-21,2166,39850,0
2026-09-21,1108,39750,0
2026-09-21,2611,38700,0
2026-09-21,32,36500,0
2026-09-21,1383,35800,0
2026-09-21,1407,35750,0
2026-09-21,546,34750,0
2026-09-21,1982,34000,0
2026-09-21,22,33850,0
2026-09-21,1160,33200,0
2026-09-21,1417,33100,0
2026-09-21,125,31900,0
2026-09-21,2320,31600,0
2026-09-21,608,30750,0
2026-09-21,47,30200,0
2026-09-21,2758,30100,0
2026-09-21,2,29250,0
2026-09-21,16,29000,0
2026-09-21,1889,27200,0
2026-09-21,3461,27100,0
2026-09-21,2469,27000,0
2026-09-21,224,27000,0
2026-09-21,101,26800,0
2026-09-21,2640,26200,0
2026-09-21,62,25900,0
2026-09-21,905,25200,0
2026-09-21,93,24750,0
2026-09-21,1923,24350,0
2026-09-21,2498,24250,0
2026-09-21,898,24000,0
2026-09-21,2607,23700,0
2026-09-21,1038,23500,0
2026-09-21,85,23500,0
2026-09-21,3534,23200,0
2026-09-21,1045,22700,0
2026-09-21,67,22700,0
2026-09-21,109,22100,0
2026-09-21,8,21700,0
2026-09-21,724,21400,0
2026-09-21,58,21300,0
2026-09-21,1261,21000,0
2026-09-21,96,20500,0
2026-09-21,605,19600,0
2026-09-21,89,18850,0
2026-09-21,2634,18600,0
2026-09-21,4,18600,0
2026-09-21,2066,18000,0
2026-09-21,216,17700,0
2026-09-21,68,17600,0
2026-09-21,49,17500,0
2026-09-21,1149,17300,0
2026-09-21,592,17100,0
2026-09-21,106,17000,0
2026-09-21,448,16000,0
2026-09-21,48,15500,0
2026-09-21,217,15250,0
2026-09-21,894,14300,0
2026-09-21,237,14000,0
2026-09-21,1465,13800,0
2026-09-21,10,13600,0
2026-09-21,9,13600,0
2026-09-21,2379,13600,0
2026-09-21,998,13500,0
2026-09-21,2754,13100,0
2026-09-21,1835,12600,0
2026-09-21,4148,11700,0
2026-09-21,2797,11600,0
2026-09-21,1893,11200,0
2026-09-21,1323,11100,0
2026-09-21,87,11000,0
2026-09-21,680,10800,0
2026-09-21,21,10600,0
2026-09-21,120,10600,0
2026-09-21,19,10500,0
2026-09-21,20,10100,0
2026-09-21,2103,10000,0
2026-09-21,2778,9600,0
2026-09-21,2887,9100,0
2026-09-21,146,9000,0
2026-09-21,2767,8500,0
2026-09-21,959,7500,0
2026-09-21,2628,7200,0
2026-09-21,128,7000,0
2026-09-21,25,6600,0
2026-09-21,3071,6500,0
2026-09-21,593,6500,0
2026-09-21,4199,6000,0
2026-09-21,1231,6000,0
2026-09-21,2439,6000,0
2026-09-21,550,5500,0
2026-09-21,552,5500,0
2026-09-21,131,5100,0
2026-09-21,4223,5000,0
2026-09-21,3832,5000,0
2026-09-21,2499,5000,0
2026-09-21,4718,4500,0
2026-09-21,175,4100,0
2026-09-21,2055,4000,0
2026-09-21,2888,3500,0
2026-09-21,3151,3500,0
2026-09-21,2010,3500,0
2026-09-21,239,3000,0
2026-09-21,2616,3000,0
2026-09-21,3528,2750,0
2026-09-21,92,2500,0
2026-09-21,2049,2500,0
2026-09-21,37,2500,0
2026-09-21,741,2500,0
2026-09-21,936,2500,0
2026-09-21,4613,2500,0
2026-09-21,3192,2000,0
2026-09-21,2061,2000,0
2026-09-21,79,2000,0
2026-09-21,2081,2000,0
2026-09-21,2982,1000,0
2026-09-21,2974,1000,0
2026-09-21,1485,1000,0
2026-09-21,2746,1000,0
2026-09-21,26,1000,0
2026-09-21,1812,1000,0
2026-09-21,733,1000,0
2026-09-21,2340,1000,0
2026-09-21,2317,0,0
2026-09-21,2533,0,0
2026-09-21,2046,0,0
2026-09-21,202,0,0
2026-09-21,5089,0,0
2026-09-21,2963,0,0
2026-09-21,3982,0,0
2026-09-21,2807,0,0
2026-09-21,4857,0,0
2026-09-21,3462,0,0
2026-09-21,967,0,0
2026-09-21,2803,0,0
2026-09-21,4715,0,0
2026-09-21,2895,0,0
2026-09-21,4332,0,0
2026-09-21,2274,0,0
2026-09-21,2777,0,0
2026-09-21,2157,0,0
2026-09-21,613,0,0
2026-09-21,143,0,0
2026-09-21,18,0,0
2026-09-28,17,331000,0
2026-09-28,1981,212100,0
2026-09-28,90,146000,0
2026-09-28,158,134750,0
2026-09-28,208,118500,0
2026-09-28,946,89000,0
2026-09-28,118,73250,0
2026-09-28,906,73200,0
2026-09-28,1,72000,0
2026-09-28,30,64250,0
2026-09-28,97,62000,0
2026-09-28,12,55200,0
2026-09-28,154,52000,0
2026-09-28,24,51000,0
2026-09-28,2438,50100,0
2026-09-28,81,49400,0
2026-09-28,1257,49250,0
2026-09-28,2470,49000,0
2026-09-28,5,48000,0
2026-09-28,666,47250,0
2026-09-28,39,47200,0
2026-09-28,1044,45400,0
2026-09-28,45,43800,0
2026-09-28,2611,42300,0
2026-09-28,32,40100,0
2026-09-28,2166,39850,0
2026-09-28,1108,39750,0
2026-09-28,1407,39350,0
2026-09-28,22,37450,0
2026-09-28,1417,36700,0
2026-09-28,1160,35800,0
2026-09-28,1383,35800,0
2026-09-28,546,34750,0
2026-09-28,2320,34200,0
2026-09-28,1982,34000,0
2026-09-28,47,33800,0
2026-09-28,2758,33700,0
2026-09-28,125,31900,0
2026-09-28,608,30750,0
2026-09-28,101,30400,0
2026-09-28,2640,29800,0
2026-09-28,1889,29800,0
2026-09-28,2,29250,0
2026-09-28,16,29000,0
2026-09-28,905,28800,0
2026-09-28,93,28350,0
2026-09-28,3461,28100,0
2026-09-28,2469,27000,0
2026-09-28,224,27000,0
2026-09-28,2607,26300,0
2026-09-28,62,25900,0
2026-09-28,58,24900,0
2026-09-28,1923,24350,0
2026-09-28,2498,24250,0
2026-09-28,3534,24200,0
2026-09-28,96,24100,0
2026-09-28,898,24000,0
2026-09-28,67,23700,0
2026-09-28,1038,23500,0
2026-09-28,85,23500,0
2026-09-28,1045,22700,0
2026-09-28,109,22100,0
2026-09-28,8,21700,0
2026-09-28,724,21400,0
2026-09-28,68,21200,0
2026-09-28,1261,21000,0
2026-09-28,592,20700,0
2026-09-28,106,20600,0
2026-09-28,605,19600,0
2026-09-28,89,18850,0
2026-09-28,216,18700,0
2026-09-28,2634,18600,0
2026-09-28,4,18600,0
2026-09-28,2066,18000,0
2026-09-28,894,17900,0
2026-09-28,49,17500,0
2026-09-28,1149,17300,0
2026-09-28,9,17200,0
2026-09-28,998,17100,0
2026-09-28,448,16000,0
2026-09-28,48,15500,0
2026-09-28,217,15250,0
2026-09-28,87,14600,0
2026-09-28,680,14400,0
2026-09-28,120,14200,0
2026-09-28,19,14100,0
2026-09-28,237,14000,0
2026-09-28,1465,13800,0
2026-09-28,10,13600,0
2026-09-28,2379,13600,0
2026-09-28,2778,13200,0
2026-09-28,2754,13100,0
2026-09-28,4148,12700,0
2026-09-28,2797,12600,0
2026-09-28,1835,12600,0
2026-09-28,2887,11700,0
2026-09-28,1893,11200,0
2026-09-28,20,11100,0
2026-09-28,1323,11100,0
2026-09-28,21,10600,0
2026-09-28,2103,10000,0
2026-09-28,1231,9600,0
2026-09-28,146,9000,0
2026-09-28,2767,8500,0
2026-09-28,959,7500,0
2026-09-28,2628,7200,0
2026-09-28,2439,7000,0
2026-09-28,128,7000,0
2026-09-28,25,6600,0
2026-09-28,3071,6500,0
2026-09-28,593,6500,0
2026-09-28,4199,6000,0
2026-09-28,550,5500,0
2026-09-28,552,5500,0
2026-09-28,131,5100,0
2026-09-28,4223,5000,0
2026-09-28,3832,5000,0
2026-09-28,2499,5000,0
2026-09-28,3151,4500,0
2026-09-28,4718,4500,0
2026-09-28,175,4100,0
2026-09-28,2055,4000,0
2026-09-28,2888,3500,0
2026-09-28,2010,3500,0
2026-09-28,239,3000,0
2026-09-28,2616,3000,0
2026-09-28,3528,2750,0
2026-09-28,92,2500,0
2026-09-28,2049,2500,0
2026-09-28,37,2500,0
2026-09-28,741,2500,0
2026-09-28,936,2500,0
2026-09-28,4613,2500,0
2026-09-28,1485,2000,0
2026-09-28,2746,2000,0
2026-09-28,3192,2000,0
2026-09-28,2061,2000,0
2026-09-28,79,2000,0
2026-09-28,2081,2000,0
2026-09-28,2982,1000,0
2026-09-28,2974,1000,0
2026-09-28,26,1000,0
2026-09-28,1812,1000,0
2026-09-28,733,1000,0
2026-09-28,2340,1000,0
2026-09-28,2317,0,0
2026-09-28,2533,0,0
2026-09-28,2046,0,0
2026-09-28,202,0,0
2026-09-28,5089,0,0
2026-09-28,2963,0,0
2026-09-28,3982,0,0
2026-09-28,2807,0,0
2026-09-28,4857,0,0
2026-09-28,3462,0,0
2026-09-28,967,0,0
2026-09-28,2803,0,0
2026-09-28,4715,0,0
2026-09-28,2895,0,0
2026-09-28,4332,0,0
2026-09-28,2274,0,0
2026-09-28,2777,0,0
2026-09-28,2157,0,0
2026-09-28,613,0,0
2026-09-28,143,0,0
2026-09-28,18,0,0
